{"cameraMode":{"drawMode":0,"name":"Shaded","section":"Shading Mode"},"sceneLighting":true,"audioPlay":false,"sceneViewState":{"showFog":true,"showMaterialUpdate":false,"showSkybox":true,"showFlares":true,"showImageEffects":true,"showParticleSystems":true},"in2DMode":false,"pivot":{"x":7.506223678588867,"y":-5.84333610534668,"z":-10.636686325073243},"rotation":{"x":0.14128939807415009,"y":0.5926417112350464,"z":-0.10655076801776886,"w":0.7857862710952759},"size":38.19801712036133,"orthographic":true}