{"cameraMode":{"drawMode":0,"name":"Shaded","section":"Shading Mode"},"sceneLighting":true,"audioPlay":false,"sceneViewState":{"showFog":true,"showMaterialUpdate":false,"showSkybox":true,"showFlares":true,"showImageEffects":true,"showParticleSystems":true},"in2DMode":false,"pivot":{"x":5.984342575073242,"y":-14.984148979187012,"z":-13.351984024047852},"rotation":{"x":0.05272785201668739,"y":-0.91136234998703,"z":0.3890829086303711,"w":0.12350278347730637},"size":11.09560489654541,"orthographic":true}